date,amount,currency,status
2026-04-07,100,USD,SUCCESS
2026-04-07,200,USD,SUCCESS
2026-04-07,300,USD,SUCCESS
2026-04-07,400,USD,SUCCESS
2026-04-07,500,USD,SUCCESS
2026-04-07,600,USD,SUCCESS
2026-04-07,700,USD,SUCCESS
2026-04-07,800,USD,SUCCESS
2026-04-07,900,USD,SUCCESS
2026-04-07,1000,USD,SUCCESS
2026-04-07,1100,USD,SUCCESS
2026-04-07,1200,USD,SUCCESS
2026-04-07,1300,USD,SUCCESS
2026-04-07,1400,USD,SUCCESS
2026-04-07,1500,USD,SUCCESS
2026-04-07,1600,USD,SUCCESS
2026-04-07,1700,USD,SUCCESS
2026-04-07,1800,USD,SUCCESS
2026-04-07,1900,USD,SUCCESS
2026-04-07,2000,USD,SUCCESS
2026-04-07,2100,USD,SUCCESS
2026-04-07,2200,USD,SUCCESS
2026-04-07,2300,USD,SUCCESS
2026-04-07,2400,USD,SUCCESS
2026-04-07,2500,USD,SUCCESS
2026-04-07,2600,USD,SUCCESS
2026-04-07,2700,USD,SUCCESS
2026-04-07,2800,USD,SUCCESS
2026-04-07,2900,USD,SUCCESS
2026-04-07,3000,USD,SUCCESS
2026-04-07,3100,USD,SUCCESS
2026-04-07,3200,USD,SUCCESS
2026-04-07,3300,USD,SUCCESS
2026-04-07,3400,USD,SUCCESS
2026-04-07,3500,USD,SUCCESS
2026-04-07,3600,USD,SUCCESS
2026-04-07,3700,USD,SUCCESS
2026-04-07,3800,USD,SUCCESS
2026-04-07,3900,USD,SUCCESS
2026-04-07,4000,USD,SUCCESS
2026-04-07,4100,USD,SUCCESS
2026-04-07,4200,USD,SUCCESS
2026-04-07,4300,USD,SUCCESS
2026-04-07,4400,USD,SUCCESS
2026-04-07,4500,USD,SUCCESS
2026-04-07,4600,USD,SUCCESS
2026-04-07,4700,USD,SUCCESS
2026-04-07,4800,USD,SUCCESS
2026-04-07,4900,USD,SUCCESS
2026-04-07,5000,USD,SUCCESS
2026-04-07,5100,USD,SUCCESS
2026-04-07,5200,USD,SUCCESS
2026-04-07,5300,USD,SUCCESS
2026-04-07,5400,USD,SUCCESS
2026-04-07,5500,USD,SUCCESS
2026-04-07,5600,USD,SUCCESS
2026-04-07,5700,USD,SUCCESS
2026-04-07,5800,USD,SUCCESS
2026-04-07,5900,USD,SUCCESS
2026-04-07,6000,USD,SUCCESS
2026-04-07,6100,USD,SUCCESS
2026-04-07,6200,USD,SUCCESS
2026-04-07,6300,USD,SUCCESS
2026-04-07,6400,USD,SUCCESS
2026-04-07,6500,USD,SUCCESS
2026-04-07,6600,USD,SUCCESS
2026-04-07,6700,USD,SUCCESS
2026-04-07,6800,USD,SUCCESS
2026-04-07,6900,USD,SUCCESS
2026-04-07,7000,USD,SUCCESS
2026-04-07,7100,USD,SUCCESS
2026-04-07,7200,USD,SUCCESS
2026-04-07,7300,USD,SUCCESS
2026-04-07,7400,USD,SUCCESS
2026-04-07,7500,USD,SUCCESS
2026-04-07,7600,USD,SUCCESS
2026-04-07,7700,USD,SUCCESS
2026-04-07,7800,USD,SUCCESS
2026-04-07,7900,USD,SUCCESS
2026-04-07,8000,USD,SUCCESS
2026-04-07,8100,USD,SUCCESS
2026-04-07,8200,USD,SUCCESS
2026-04-07,8300,USD,SUCCESS
2026-04-07,8400,USD,SUCCESS
2026-04-07,8500,USD,SUCCESS
2026-04-07,8600,USD,SUCCESS
2026-04-07,8700,USD,SUCCESS
2026-04-07,8800,USD,SUCCESS
2026-04-07,8900,USD,SUCCESS
2026-04-07,9000,USD,SUCCESS
2026-04-07,9100,USD,SUCCESS
2026-04-07,9200,USD,SUCCESS
2026-04-07,9300,USD,SUCCESS
2026-04-07,9400,USD,SUCCESS
2026-04-07,9500,USD,SUCCESS
2026-04-07,9600,USD,SUCCESS
2026-04-07,9700,USD,SUCCESS
2026-04-07,9800,USD,SUCCESS
2026-04-07,9900,USD,SUCCESS
2026-04-07,10000,USD,SUCCESS
2026-04-07,10100,USD,SUCCESS
2026-04-07,10200,USD,SUCCESS
2026-04-07,10300,USD,SUCCESS
2026-04-07,10400,USD,SUCCESS
2026-04-07,10500,USD,SUCCESS
2026-04-07,10600,USD,SUCCESS
2026-04-07,10700,USD,SUCCESS
2026-04-07,10800,USD,SUCCESS
2026-04-07,10900,USD,SUCCESS
2026-04-07,11000,USD,SUCCESS
2026-04-07,11100,USD,SUCCESS
2026-04-07,11200,USD,SUCCESS
2026-04-07,11300,USD,SUCCESS
2026-04-07,11400,USD,SUCCESS
2026-04-07,11500,USD,SUCCESS
2026-04-07,11600,USD,SUCCESS
2026-04-07,11700,USD,SUCCESS
2026-04-07,11800,USD,SUCCESS
2026-04-07,11900,USD,SUCCESS
2026-04-07,12000,USD,SUCCESS
2026-04-07,12100,USD,SUCCESS
2026-04-07,12200,USD,SUCCESS
2026-04-07,12300,USD,SUCCESS
2026-04-07,12400,USD,SUCCESS
2026-04-07,12500,USD,SUCCESS
2026-04-07,12600,USD,SUCCESS
2026-04-07,12700,USD,SUCCESS
2026-04-07,12800,USD,SUCCESS
2026-04-07,12900,USD,SUCCESS
2026-04-07,13000,USD,SUCCESS
2026-04-07,13100,USD,SUCCESS
2026-04-07,13200,USD,SUCCESS
2026-04-07,13300,USD,SUCCESS
2026-04-07,13400,USD,SUCCESS
2026-04-07,13500,USD,SUCCESS
2026-04-07,13600,USD,SUCCESS
2026-04-07,13700,USD,SUCCESS
2026-04-07,13800,USD,SUCCESS
2026-04-07,13900,USD,SUCCESS
2026-04-07,14000,USD,SUCCESS
2026-04-07,14100,USD,SUCCESS
2026-04-07,14200,USD,SUCCESS
2026-04-07,14300,USD,SUCCESS
2026-04-07,14400,USD,SUCCESS
2026-04-07,14500,USD,SUCCESS
2026-04-07,14600,USD,SUCCESS
2026-04-07,14700,USD,SUCCESS
2026-04-07,14800,USD,SUCCESS
2026-04-07,14900,USD,SUCCESS
2026-04-07,15000,USD,SUCCESS
2026-04-07,15100,USD,SUCCESS
2026-04-07,15200,USD,SUCCESS
2026-04-07,15300,USD,SUCCESS
2026-04-07,15400,USD,SUCCESS
2026-04-07,15500,USD,SUCCESS
2026-04-07,15600,USD,SUCCESS
2026-04-07,15700,USD,SUCCESS
2026-04-07,15800,USD,SUCCESS
2026-04-07,15900,USD,SUCCESS
2026-04-07,16000,USD,SUCCESS
2026-04-07,16100,USD,SUCCESS
2026-04-07,16200,USD,SUCCESS
2026-04-07,16300,USD,SUCCESS
2026-04-07,16400,USD,SUCCESS
2026-04-07,16500,USD,SUCCESS
2026-04-07,16600,USD,SUCCESS
2026-04-07,16700,USD,SUCCESS
2026-04-07,16800,USD,SUCCESS
2026-04-07,16900,USD,SUCCESS
2026-04-07,17000,USD,SUCCESS
2026-04-07,17100,USD,SUCCESS
2026-04-07,17200,USD,SUCCESS
2026-04-07,17300,USD,SUCCESS
2026-04-07,17400,USD,SUCCESS
2026-04-07,17500,USD,SUCCESS
2026-04-07,17600,USD,SUCCESS
2026-04-07,17700,USD,SUCCESS
2026-04-07,17800,USD,SUCCESS
2026-04-07,17900,USD,SUCCESS
2026-04-07,18000,USD,SUCCESS
2026-04-07,18100,USD,SUCCESS
2026-04-07,18200,USD,SUCCESS
2026-04-07,18300,USD,SUCCESS
2026-04-07,18400,USD,SUCCESS
2026-04-07,18500,USD,SUCCESS
2026-04-07,18600,USD,SUCCESS
2026-04-07,18700,USD,SUCCESS
2026-04-07,18800,USD,SUCCESS
2026-04-07,18900,USD,SUCCESS
2026-04-07,19000,USD,SUCCESS
2026-04-07,19100,USD,SUCCESS
2026-04-07,19200,USD,SUCCESS
2026-04-07,19300,USD,SUCCESS
2026-04-07,19400,USD,SUCCESS
2026-04-07,19500,USD,SUCCESS
2026-04-07,19600,USD,SUCCESS
2026-04-07,19700,USD,SUCCESS
2026-04-07,19800,USD,SUCCESS
2026-04-07,19900,USD,SUCCESS
2026-04-07,20000,USD,SUCCESS
